category,stat_key,page_number,story_id,rank,team,goals,assists,attempts_at_goal,attempts_on_target,off_target_attempts,attempts_at_goal_conv_rate_pct,attempts_inside_the_penalty_area,attempts_outside_the_penalty_area,headed_attempts_at_goal,xg,xg_efficiency,corners,possession_control_pct,passes,passing_accuracy_pct,crosses,crossing_accuracy_pct,defensive_linebreaks_attempted,defensive_linebreaks_acc_pct,switches_of_play_attempted,switches_of_play_acc_pct,own_goals,goals_conceded,forced_turnovers,ball_recovery_time_s,defensive_pressures_applied,defensive_pressures_directly_applied,fouls_against,fouls_for,yellow_cards,red_cards,indirect_red_cards,offsides,clean_sheets,goalkeeper_saves,goalkeeper_save_percentage_pct,goalkeeper_actions_inside_the_penalty_area,goalkeeper_actions_outside_the_penalty_area,offers_to_receive,offers_in_behind,offers_in_between,offers_in_front,offers_inside_team_shape,offers_outside_team_shape,receptions_in_behind,receptions_between_midfield_and_defensive_line,receptions_under_pressure,average_speed_km_h,high_speed_running,sprints,total_distance_m
Attacking,gct_attack,1,browser:gct_attack,1,Netherlands,10.0,9.0,40.0,20.0,13.0,25.0,31.0,9.0,12.0,4.66,2.14x,13.0,56.0,,,,,,,,,,,,,,,,,,,,,,,,,,,,,,,,,,,,,,
Attacking,gct_attack,1,browser:gct_attack,1,Germany,10.0,9.0,53.0,22.0,19.0,19.0,37.0,16.0,6.0,7.38,1.35x,18.0,53.0,,,,,,,,,,,,,,,,,,,,,,,,,,,,,,,,,,,,,,
Attacking,gct_attack,1,browser:gct_attack,1,France,10.0,9.0,48.0,22.0,16.0,21.0,28.0,20.0,4.0,4.96,2.02x,15.0,50.0,,,,,,,,,,,,,,,,,,,,,,,,,,,,,,,,,,,,,,
Attacking,gct_attack,1,browser:gct_attack,4,Canada,9.0,3.0,71.0,29.0,27.0,13.0,51.0,20.0,15.0,8.33,1.08x,39.0,49.0,,,,,,,,,,,,,,,,,,,,,,,,,,,,,,,,,,,,,,
Attacking,gct_attack,1,browser:gct_attack,5,United States,8.0,4.0,44.0,15.0,15.0,18.0,36.0,8.0,9.0,5.24,1.53x,19.0,54.0,,,,,,,,,,,,,,,,,,,,,,,,,,,,,,,,,,,,,,
Attacking,gct_attack,1,browser:gct_attack,5,Norway,8.0,5.0,34.0,17.0,12.0,24.0,27.0,7.0,6.0,5.36,1.49x,14.0,46.0,,,,,,,,,,,,,,,,,,,,,,,,,,,,,,,,,,,,,,
Attacking,gct_attack,1,browser:gct_attack,5,Senegal,8.0,8.0,49.0,17.0,21.0,16.0,28.0,21.0,6.0,5.14,1.56x,20.0,52.0,,,,,,,,,,,,,,,,,,,,,,,,,,,,,,,,,,,,,,
Attacking,gct_attack,1,browser:gct_attack,5,Argentina,8.0,3.0,35.0,15.0,15.0,23.0,20.0,15.0,4.0,6.55,1.22x,9.0,53.0,,,,,,,,,,,,,,,,,,,,,,,,,,,,,,,,,,,,,,
Attacking,gct_attack,1,browser:gct_attack,9,Sweden,7.0,6.0,40.0,20.0,14.0,18.0,24.0,16.0,6.0,3.95,1.77x,17.0,45.0,,,,,,,,,,,,,,,,,,,,,,,,,,,,,,,,,,,,,,
Attacking,gct_attack,1,browser:gct_attack,9,Japan,7.0,7.0,27.0,9.0,13.0,26.0,14.0,13.0,4.0,2.92,2.4x,11.0,46.0,,,,,,,,,,,,,,,,,,,,,,,,,,,,,,,,,,,,,,
Attacking,gct_attack,1,browser:gct_attack,9,Switzerland,7.0,4.0,45.0,18.0,17.0,16.0,32.0,13.0,3.0,6.67,1.05x,19.0,55.0,,,,,,,,,,,,,,,,,,,,,,,,,,,,,,,,,,,,,,
Attacking,gct_attack,1,browser:gct_attack,9,Brazil,7.0,6.0,40.0,18.0,11.0,18.0,29.0,11.0,4.0,6.19,1.12x,16.0,49.0,,,,,,,,,,,,,,,,,,,,,,,,,,,,,,,,,,,,,,
Attacking,gct_attack,1,browser:gct_attack,13,Portugal,6.0,3.0,37.0,12.0,16.0,16.0,22.0,15.0,2.0,3.57,1.68x,10.0,55.0,,,,,,,,,,,,,,,,,,,,,,,,,,,,,,,,,,,,,,
Attacking,gct_attack,1,browser:gct_attack,13,Austria,6.0,4.0,26.0,8.0,14.0,23.0,15.0,11.0,5.0,3.63,1.65x,10.0,44.0,,,,,,,,,,,,,,,,,,,,,,,,,,,,,,,,,,,,,,
Attacking,gct_attack,1,browser:gct_attack,13,England,6.0,5.0,58.0,20.0,26.0,10.0,46.0,12.0,16.0,6.72,0.89x,24.0,60.0,,,,,,,,,,,,,,,,,,,,,,,,,,,,,,,,,,,,,,
Attacking,gct_attack,1,browser:gct_attack,13,Mexico,6.0,5.0,35.0,13.0,15.0,17.0,23.0,12.0,6.0,4.22,1.42x,4.0,48.0,,,,,,,,,,,,,,,,,,,,,,,,,,,,,,,,,,,,,,
Attacking,gct_attack,1,browser:gct_attack,13,Morocco,6.0,5.0,48.0,16.0,15.0,13.0,30.0,18.0,6.0,4.25,1.41x,16.0,53.0,,,,,,,,,,,,,,,,,,,,,,,,,,,,,,,,,,,,,,
Attacking,gct_attack,1,browser:gct_attack,13,Belgium,6.0,3.0,73.0,21.0,30.0,8.0,50.0,23.0,8.0,6.55,0.92x,14.0,52.0,,,,,,,,,,,,,,,,,,,,,,,,,,,,,,,,,,,,,,
Attacking,gct_attack,1,browser:gct_attack,19,Spain,5.0,4.0,55.0,16.0,26.0,9.0,34.0,21.0,11.0,6.58,0.76x,23.0,62.0,,,,,,,,,,,,,,,,,,,,,,,,,,,,,,,,,,,,,,
Attacking,gct_attack,1,browser:gct_attack,19,Croatia,5.0,5.0,24.0,11.0,9.0,21.0,11.0,13.0,4.0,2.24,2.23x,7.0,49.0,,,,,,,,,,,,,,,,,,,,,,,,,,,,,,,,,,,,,,
Attacking,gct_attack,1,browser:gct_attack,19,Algeria,5.0,3.0,36.0,14.0,14.0,14.0,21.0,15.0,5.0,3.99,1.25x,12.0,58.0,,,,,,,,,,,,,,,,,,,,,,,,,,,,,,,,,,,,,,
Attacking,gct_attack,1,browser:gct_attack,19,Egypt,5.0,5.0,48.0,13.0,23.0,10.0,30.0,18.0,6.0,3.76,1.33x,18.0,47.0,,,,,,,,,,,,,,,,,,,,,,,,,,,,,,,,,,,,,,
Attacking,gct_attack,1,browser:gct_attack,19,Bosnia and Herzegovina,5.0,3.0,27.0,11.0,10.0,19.0,12.0,15.0,5.0,1.83,2.73x,12.0,38.0,,,,,,,,,,,,,,,,,,,,,,,,,,,,,,,,,,,,,,
Attacking,gct_attack,1,browser:gct_attack,24,New Zealand,4.0,3.0,31.0,15.0,8.0,13.0,19.0,12.0,6.0,2.48,1.62x,10.0,42.0,,,,,,,,,,,,,,,,,,,,,,,,,,,,,,,,,,,,,,
Attacking,gct_attack,1,browser:gct_attack,24,Colombia,4.0,4.0,59.0,20.0,23.0,7.0,35.0,24.0,7.0,4.55,0.88x,14.0,56.0,,,,,,,,,,,,,,,,,,,,,,,,,,,,,,,,,,,,,,
Attacking,gct_attack,1,browser:gct_attack,24,Ivory Coast,4.0,3.0,31.0,9.0,13.0,13.0,20.0,11.0,0.0,4.08,0.98x,12.0,46.0,,,,,,,,,,,,,,,,,,,,,,,,,,,,,,,,,,,,,,
Attacking,gct_attack,1,browser:gct_attack,24,DR Congo,4.0,2.0,34.0,8.0,21.0,12.0,16.0,18.0,5.0,3.07,1.3x,10.0,37.0,,,,,,,,,,,,,,,,,,,,,,,,,,,,,,,,,,,,,,
Attacking,gct_attack,1,browser:gct_attack,28,Uruguay,3.0,1.0,49.0,13.0,25.0,6.0,27.0,22.0,15.0,3.95,0.76x,26.0,51.0,,,,,,,,,,,,,,,,,,,,,,,,,,,,,,,,,,,,,,
Attacking,gct_attack,1,browser:gct_attack,28,Jordan,3.0,3.0,24.0,9.0,9.0,13.0,13.0,11.0,3.0,1.87,1.6x,6.0,29.0,,,,,,,,,,,,,,,,,,,,,,,,,,,,,,,,,,,,,,
Attacking,gct_attack,1,browser:gct_attack,28,Iran,3.0,1.0,37.0,10.0,15.0,8.0,26.0,11.0,7.0,4.57,0.66x,8.0,37.0,,,,,,,,,,,,,,,,,,,,,,,,,,,,,,,,,,,,,,
Attacking,gct_attack,1,browser:gct_attack,28,Turkey,3.0,2.0,70.0,14.0,35.0,4.0,37.0,33.0,7.0,5.5,0.55x,22.0,58.0,,,,,,,,,,,,,,,,,,,,,,,,,,,,,,,,,,,,,,
Attacking,gct_attack,1,browser:gct_attack,32,Paraguay,2.0,2.0,23.0,5.0,10.0,9.0,10.0,13.0,1.0,1.25,1.59x,2.0,30.0,,,,,,,,,,,,,,,,,,,,,,,,,,,,,,,,,,,,,,
Attacking,gct_attack,1,browser:gct_attack,32,Uzbekistan,2.0,1.0,18.0,5.0,8.0,11.0,10.0,8.0,2.0,1.71,1.17x,8.0,35.0,,,,,,,,,,,,,,,,,,,,,,,,,,,,,,,,,,,,,,
Attacking,gct_attack,1,browser:gct_attack,32,Cape Verde,2.0,0.0,33.0,7.0,14.0,6.0,15.0,18.0,4.0,2.04,0.98x,9.0,36.0,,,,,,,,,,,,,,,,,,,,,,,,,,,,,,,,,,,,,,
Attacking,gct_attack,1,browser:gct_attack,32,South Africa,2.0,1.0,39.0,11.0,18.0,5.0,13.0,26.0,5.0,2.48,0.8x,11.0,46.0,,,,,,,,,,,,,,,,,,,,,,,,,,,,,,,,,,,,,,
Attacking,gct_attack,1,browser:gct_attack,32,Ghana,2.0,2.0,15.0,3.0,6.0,13.0,11.0,4.0,3.0,2.07,0.96x,6.0,33.0,,,,,,,,,,,,,,,,,,,,,,,,,,,,,,,,,,,,,,
Attacking,gct_attack,1,browser:gct_attack,32,Czech Republic,2.0,2.0,34.0,8.0,15.0,6.0,22.0,12.0,10.0,2.44,0.82x,15.0,37.0,,,,,,,,,,,,,,,,,,,,,,,,,,,,,,,,,,,,,,
Attacking,gct_attack,1,browser:gct_attack,32,Australia,2.0,1.0,26.0,11.0,12.0,8.0,16.0,10.0,3.0,1.99,1x,12.0,35.0,,,,,,,,,,,,,,,,,,,,,,,,,,,,,,,,,,,,,,
Attacking,gct_attack,1,browser:gct_attack,32,Ecuador,2.0,2.0,46.0,19.0,22.0,4.0,30.0,16.0,11.0,5.41,0.37x,17.0,52.0,,,,,,,,,,,,,,,,,,,,,,,,,,,,,,,,,,,,,,
Attacking,gct_attack,1,browser:gct_attack,32,Qatar,2.0,1.0,17.0,6.0,10.0,12.0,10.0,7.0,2.0,1.88,1.06x,9.0,31.0,,,,,,,,,,,,,,,,,,,,,,,,,,,,,,,,,,,,,,
Attacking,gct_attack,1,browser:gct_attack,32,Tunisia,2.0,2.0,18.0,6.0,8.0,11.0,6.0,12.0,4.0,1.12,1.78x,9.0,36.0,,,,,,,,,,,,,,,,,,,,,,,,,,,,,,,,,,,,,,
Attacking,gct_attack,1,browser:gct_attack,32,South Korea,2.0,2.0,32.0,11.0,13.0,6.0,21.0,11.0,9.0,3.38,0.59x,12.0,56.0,,,,,,,,,,,,,,,,,,,,,,,,,,,,,,,,,,,,,,
Attacking,gct_attack,1,browser:gct_attack,32,Haiti,2.0,1.0,31.0,7.0,15.0,6.0,16.0,15.0,5.0,1.64,1.22x,9.0,42.0,,,,,,,,,,,,,,,,,,,,,,,,,,,,,,,,,,,,,,
Attacking,gct_attack,1,browser:gct_attack,44,Iraq,1.0,1.0,21.0,2.0,13.0,5.0,12.0,9.0,6.0,2.11,0.47x,7.0,37.0,,,,,,,,,,,,,,,,,,,,,,,,,,,,,,,,,,,,,,
Attacking,gct_attack,1,browser:gct_attack,44,Curaçao,1.0,0.0,29.0,7.0,18.0,3.0,14.0,15.0,4.0,1.7,0.59x,5.0,32.0,,,,,,,,,,,,,,,,,,,,,,,,,,,,,,,,,,,,,,
Attacking,gct_attack,1,browser:gct_attack,44,Scotland,1.0,0.0,29.0,7.0,12.0,3.0,23.0,6.0,6.0,2.34,0.43x,12.0,41.0,,,,,,,,,,,,,,,,,,,,,,,,,,,,,,,,,,,,,,
Attacking,gct_attack,1,browser:gct_attack,44,Saudi Arabia,1.0,0.0,17.0,8.0,5.0,6.0,8.0,9.0,3.0,1.52,0.66x,7.0,33.0,,,,,,,,,,,,,,,,,,,,,,,,,,,,,,,,,,,,,,
Attacking,gct_attack,1,browser:gct_attack,48,Panama,0.0,0.0,32.0,7.0,16.0,0.0,20.0,12.0,5.0,2.19,0x,12.0,42.0,,,,,,,,,,,,,,,,,,,,,,,,,,,,,,,,,,,,,,
Distribution,gct_distribution,1,browser:gct_distribution,1,Spain,,,,,,,,,,,,,,2191.0,92.0,82.0,22.0,78.0,72.0,21.0,95.0,,,,,,,,,,,,,,,,,,,,,,,,,,,,,,
Distribution,gct_distribution,1,browser:gct_distribution,2,Algeria,,,,,,,,,,,,,,2070.0,91.0,32.0,16.0,57.0,58.0,19.0,95.0,,,,,,,,,,,,,,,,,,,,,,,,,,,,,,
Distribution,gct_distribution,1,browser:gct_distribution,3,Argentina,,,,,,,,,,,,,,1966.0,91.0,21.0,33.0,41.0,54.0,13.0,85.0,,,,,,,,,,,,,,,,,,,,,,,,,,,,,,
Distribution,gct_distribution,1,browser:gct_distribution,4,Portugal,,,,,,,,,,,,,,1899.0,92.0,61.0,25.0,82.0,60.0,25.0,84.0,,,,,,,,,,,,,,,,,,,,,,,,,,,,,,
Distribution,gct_distribution,1,browser:gct_distribution,5,Germany,,,,,,,,,,,,,,1887.0,89.0,56.0,27.0,63.0,56.0,11.0,73.0,,,,,,,,,,,,,,,,,,,,,,,,,,,,,,
Distribution,gct_distribution,1,browser:gct_distribution,6,South Africa,,,,,,,,,,,,,,1855.0,85.0,36.0,17.0,63.0,41.0,27.0,85.0,,,,,,,,,,,,,,,,,,,,,,,,,,,,,,
Distribution,gct_distribution,1,browser:gct_distribution,7,South Korea,,,,,,,,,,,,,,1853.0,89.0,64.0,28.0,65.0,60.0,21.0,86.0,,,,,,,,,,,,,,,,,,,,,,,,,,,,,,
Distribution,gct_distribution,1,browser:gct_distribution,8,Turkey,,,,,,,,,,,,,,1844.0,87.0,84.0,14.0,75.0,60.0,30.0,73.0,,,,,,,,,,,,,,,,,,,,,,,,,,,,,,
Distribution,gct_distribution,1,browser:gct_distribution,9,France,,,,,,,,,,,,,,1737.0,90.0,44.0,14.0,77.0,69.0,18.0,94.0,,,,,,,,,,,,,,,,,,,,,,,,,,,,,,
Distribution,gct_distribution,1,browser:gct_distribution,10,Morocco,,,,,,,,,,,,,,1736.0,89.0,58.0,29.0,59.0,54.0,17.0,82.0,,,,,,,,,,,,,,,,,,,,,,,,,,,,,,
Distribution,gct_distribution,1,browser:gct_distribution,11,Canada,,,,,,,,,,,,,,1730.0,83.0,131.0,25.0,94.0,56.0,16.0,81.0,,,,,,,,,,,,,,,,,,,,,,,,,,,,,,
Distribution,gct_distribution,1,browser:gct_distribution,12,England,,,,,,,,,,,,,,1696.0,90.0,76.0,28.0,84.0,68.0,16.0,75.0,,,,,,,,,,,,,,,,,,,,,,,,,,,,,,
Distribution,gct_distribution,1,browser:gct_distribution,13,Brazil,,,,,,,,,,,,,,1680.0,90.0,43.0,33.0,59.0,56.0,11.0,91.0,,,,,,,,,,,,,,,,,,,,,,,,,,,,,,
Distribution,gct_distribution,1,browser:gct_distribution,14,Switzerland,,,,,,,,,,,,,,1663.0,88.0,66.0,14.0,76.0,54.0,21.0,90.0,,,,,,,,,,,,,,,,,,,,,,,,,,,,,,
Distribution,gct_distribution,1,browser:gct_distribution,15,Netherlands,,,,,,,,,,,,,,1644.0,91.0,69.0,28.0,67.0,64.0,7.0,86.0,,,,,,,,,,,,,,,,,,,,,,,,,,,,,,
Distribution,gct_distribution,1,browser:gct_distribution,16,Belgium,,,,,,,,,,,,,,1643.0,88.0,75.0,28.0,76.0,57.0,14.0,79.0,,,,,,,,,,,,,,,,,,,,,,,,,,,,,,
Distribution,gct_distribution,1,browser:gct_distribution,17,Colombia,,,,,,,,,,,,,,1629.0,88.0,48.0,29.0,58.0,45.0,32.0,91.0,,,,,,,,,,,,,,,,,,,,,,,,,,,,,,
Distribution,gct_distribution,1,browser:gct_distribution,18,United States,,,,,,,,,,,,,,1628.0,87.0,58.0,28.0,89.0,63.0,16.0,81.0,,,,,,,,,,,,,,,,,,,,,,,,,,,,,,
Distribution,gct_distribution,1,browser:gct_distribution,19,Senegal,,,,,,,,,,,,,,1610.0,88.0,63.0,29.0,69.0,58.0,23.0,96.0,,,,,,,,,,,,,,,,,,,,,,,,,,,,,,
Distribution,gct_distribution,1,browser:gct_distribution,20,Ecuador,,,,,,,,,,,,,,1565.0,87.0,61.0,31.0,74.0,46.0,6.0,83.0,,,,,,,,,,,,,,,,,,,,,,,,,,,,,,
Distribution,gct_distribution,1,browser:gct_distribution,21,Ivory Coast,,,,,,,,,,,,,,1564.0,88.0,45.0,24.0,57.0,51.0,6.0,100.0,,,,,,,,,,,,,,,,,,,,,,,,,,,,,,
Distribution,gct_distribution,1,browser:gct_distribution,22,Egypt,,,,,,,,,,,,,,1543.0,87.0,53.0,23.0,72.0,49.0,23.0,96.0,,,,,,,,,,,,,,,,,,,,,,,,,,,,,,
Distribution,gct_distribution,1,browser:gct_distribution,23,Croatia,,,,,,,,,,,,,,1515.0,88.0,45.0,18.0,61.0,52.0,17.0,76.0,,,,,,,,,,,,,,,,,,,,,,,,,,,,,,
Distribution,gct_distribution,1,browser:gct_distribution,24,Austria,,,,,,,,,,,,,,1467.0,87.0,48.0,21.0,60.0,62.0,5.0,100.0,,,,,,,,,,,,,,,,,,,,,,,,,,,,,,
Distribution,gct_distribution,1,browser:gct_distribution,25,Uruguay,,,,,,,,,,,,,,1445.0,87.0,87.0,21.0,74.0,64.0,19.0,95.0,,,,,,,,,,,,,,,,,,,,,,,,,,,,,,
Distribution,gct_distribution,1,browser:gct_distribution,26,Japan,,,,,,,,,,,,,,1403.0,87.0,50.0,28.0,58.0,52.0,6.0,67.0,,,,,,,,,,,,,,,,,,,,,,,,,,,,,,
Distribution,gct_distribution,1,browser:gct_distribution,27,Scotland,,,,,,,,,,,,,,1377.0,87.0,53.0,34.0,45.0,40.0,17.0,71.0,,,,,,,,,,,,,,,,,,,,,,,,,,,,,,
Distribution,gct_distribution,1,browser:gct_distribution,28,Mexico,,,,,,,,,,,,,,1373.0,87.0,32.0,25.0,52.0,37.0,15.0,87.0,,,,,,,,,,,,,,,,,,,,,,,,,,,,,,
Distribution,gct_distribution,1,browser:gct_distribution,29,Norway,,,,,,,,,,,,,,1357.0,85.0,37.0,32.0,55.0,45.0,12.0,67.0,,,,,,,,,,,,,,,,,,,,,,,,,,,,,,
Distribution,gct_distribution,1,browser:gct_distribution,30,New Zealand,,,,,,,,,,,,,,1335.0,83.0,37.0,19.0,54.0,22.0,8.0,75.0,,,,,,,,,,,,,,,,,,,,,,,,,,,,,,
Distribution,gct_distribution,1,browser:gct_distribution,31,Panama,,,,,,,,,,,,,,1259.0,83.0,58.0,21.0,54.0,43.0,27.0,70.0,,,,,,,,,,,,,,,,,,,,,,,,,,,,,,
Distribution,gct_distribution,1,browser:gct_distribution,32,Sweden,,,,,,,,,,,,,,1204.0,83.0,51.0,20.0,51.0,55.0,11.0,91.0,,,,,,,,,,,,,,,,,,,,,,,,,,,,,,
Distribution,gct_distribution,1,browser:gct_distribution,33,Saudi Arabia,,,,,,,,,,,,,,1175.0,78.0,22.0,23.0,53.0,40.0,12.0,67.0,,,,,,,,,,,,,,,,,,,,,,,,,,,,,,
Distribution,gct_distribution,1,browser:gct_distribution,34,Bosnia and Herzegovina,,,,,,,,,,,,,,1159.0,81.0,47.0,19.0,44.0,41.0,10.0,80.0,,,,,,,,,,,,,,,,,,,,,,,,,,,,,,
Distribution,gct_distribution,1,browser:gct_distribution,35,Iraq,,,,,,,,,,,,,,1129.0,81.0,24.0,29.0,48.0,44.0,14.0,79.0,,,,,,,,,,,,,,,,,,,,,,,,,,,,,,
Distribution,gct_distribution,1,browser:gct_distribution,36,Australia,,,,,,,,,,,,,,1127.0,81.0,47.0,28.0,50.0,50.0,16.0,56.0,,,,,,,,,,,,,,,,,,,,,,,,,,,,,,
Distribution,gct_distribution,1,browser:gct_distribution,37,Czech Republic,,,,,,,,,,,,,,1102.0,79.0,50.0,32.0,45.0,38.0,12.0,75.0,,,,,,,,,,,,,,,,,,,,,,,,,,,,,,
Distribution,gct_distribution,1,browser:gct_distribution,38,Haiti,,,,,,,,,,,,,,1098.0,85.0,42.0,24.0,42.0,40.0,13.0,100.0,,,,,,,,,,,,,,,,,,,,,,,,,,,,,,
Distribution,gct_distribution,1,browser:gct_distribution,39,DR Congo,,,,,,,,,,,,,,1078.0,81.0,48.0,25.0,51.0,31.0,14.0,79.0,,,,,,,,,,,,,,,,,,,,,,,,,,,,,,
Distribution,gct_distribution,1,browser:gct_distribution,40,Cape Verde,,,,,,,,,,,,,,1064.0,80.0,32.0,28.0,44.0,34.0,17.0,65.0,,,,,,,,,,,,,,,,,,,,,,,,,,,,,,
Distribution,gct_distribution,1,browser:gct_distribution,41,Uzbekistan,,,,,,,,,,,,,,1059.0,78.0,33.0,18.0,51.0,27.0,17.0,76.0,,,,,,,,,,,,,,,,,,,,,,,,,,,,,,
Distribution,gct_distribution,1,browser:gct_distribution,42,Iran,,,,,,,,,,,,,,1051.0,77.0,40.0,23.0,50.0,46.0,14.0,79.0,,,,,,,,,,,,,,,,,,,,,,,,,,,,,,
Distribution,gct_distribution,1,browser:gct_distribution,43,Tunisia,,,,,,,,,,,,,,1011.0,80.0,35.0,23.0,40.0,38.0,21.0,71.0,,,,,,,,,,,,,,,,,,,,,,,,,,,,,,
Distribution,gct_distribution,1,browser:gct_distribution,44,Ghana,,,,,,,,,,,,,,1007.0,84.0,33.0,24.0,45.0,51.0,17.0,88.0,,,,,,,,,,,,,,,,,,,,,,,,,,,,,,
Distribution,gct_distribution,1,browser:gct_distribution,45,Curaçao,,,,,,,,,,,,,,968.0,80.0,21.0,29.0,40.0,40.0,7.0,100.0,,,,,,,,,,,,,,,,,,,,,,,,,,,,,,
Distribution,gct_distribution,1,browser:gct_distribution,46,Jordan,,,,,,,,,,,,,,914.0,76.0,31.0,32.0,52.0,52.0,11.0,73.0,,,,,,,,,,,,,,,,,,,,,,,,,,,,,,
Distribution,gct_distribution,1,browser:gct_distribution,47,Qatar,,,,,,,,,,,,,,912.0,78.0,28.0,36.0,71.0,27.0,11.0,91.0,,,,,,,,,,,,,,,,,,,,,,,,,,,,,,
Distribution,gct_distribution,1,browser:gct_distribution,48,Paraguay,,,,,,,,,,,,,,905.0,74.0,21.0,10.0,29.0,31.0,13.0,77.0,,,,,,,,,,,,,,,,,,,,,,,,,,,,,,
Defending,gct_defending,1,browser:gct_defending,1,Qatar,,,,,,,,,,,,,,,,,,,,,,2.0,10.0,101.0,60.48,832.0,122.0,,,,,,,,,,,,,,,,,,,,,,,,
Defending,gct_defending,1,browser:gct_defending,2,Egypt,,,,,,,,,,,,,,,,,,,,,,1.0,3.0,155.0,43.68,676.0,143.0,,,,,,,,,,,,,,,,,,,,,,,,
Defending,gct_defending,1,browser:gct_defending,2,Tunisia,,,,,,,,,,,,,,,,,,,,,,1.0,12.0,109.0,69.13,802.0,131.0,,,,,,,,,,,,,,,,,,,,,,,,
Defending,gct_defending,1,browser:gct_defending,2,Morocco,,,,,,,,,,,,,,,,,,,,,,1.0,3.0,128.0,45.43,717.0,154.0,,,,,,,,,,,,,,,,,,,,,,,,
Defending,gct_defending,1,browser:gct_defending,2,Jordan,,,,,,,,,,,,,,,,,,,,,,1.0,8.0,139.0,68.21,1148.0,166.0,,,,,,,,,,,,,,,,,,,,,,,,
Defending,gct_defending,1,browser:gct_defending,2,Paraguay,,,,,,,,,,,,,,,,,,,,,,1.0,4.0,150.0,48.2,1011.0,206.0,,,,,,,,,,,,,,,,,,,,,,,,
Defending,gct_defending,1,browser:gct_defending,2,Saudi Arabia,,,,,,,,,,,,,,,,,,,,,,1.0,5.0,128.0,53.18,1035.0,140.0,,,,,,,,,,,,,,,,,,,,,,,,
Defending,gct_defending,1,browser:gct_defending,2,Switzerland,,,,,,,,,,,,,,,,,,,,,,1.0,3.0,137.0,36.08,615.0,123.0,,,,,,,,,,,,,,,,,,,,,,,,
Defending,gct_defending,1,browser:gct_defending,2,Australia,,,,,,,,,,,,,,,,,,,,,,1.0,2.0,118.0,52.57,856.0,130.0,,,,,,,,,,,,,,,,,,,,,,,,
Defending,gct_defending,1,browser:gct_defending,2,Iraq,,,,,,,,,,,,,,,,,,,,,,1.0,12.0,122.0,61.26,851.0,155.0,,,,,,,,,,,,,,,,,,,,,,,,
Defending,gct_defending,1,browser:gct_defending,2,Uzbekistan,,,,,,,,,,,,,,,,,,,,,,1.0,11.0,135.0,50.0,944.0,142.0,,,,,,,,,,,,,,,,,,,,,,,,
Defending,gct_defending,1,browser:gct_defending,12,South Africa,,,,,,,,,,,,,,,,,,,,,,0.0,4.0,158.0,73.07,1081.0,166.0,,,,,,,,,,,,,,,,,,,,,,,,
Defending,gct_defending,1,browser:gct_defending,12,Haiti,,,,,,,,,,,,,,,,,,,,,,0.0,8.0,113.0,49.18,810.0,143.0,,,,,,,,,,,,,,,,,,,,,,,,
Defending,gct_defending,1,browser:gct_defending,12,Croatia,,,,,,,,,,,,,,,,,,,,,,0.0,5.0,114.0,48.95,720.0,131.0,,,,,,,,,,,,,,,,,,,,,,,,
Defending,gct_defending,1,browser:gct_defending,12,Norway,,,,,,,,,,,,,,,,,,,,,,0.0,7.0,101.0,48.43,694.0,110.0,,,,,,,,,,,,,,,,,,,,,,,,
Defending,gct_defending,1,browser:gct_defending,12,Japan,,,,,,,,,,,,,,,,,,,,,,0.0,3.0,105.0,54.62,756.0,143.0,,,,,,,,,,,,,,,,,,,,,,,,
Defending,gct_defending,1,browser:gct_defending,12,South Korea,,,,,,,,,,,,,,,,,,,,,,0.0,3.0,106.0,44.64,563.0,86.0,,,,,,,,,,,,,,,,,,,,,,,,
Defending,gct_defending,1,browser:gct_defending,12,Iran,,,,,,,,,,,,,,,,,,,,,,0.0,3.0,132.0,47.85,874.0,148.0,,,,,,,,,,,,,,,,,,,,,,,,
Defending,gct_defending,1,browser:gct_defending,12,Ivory Coast,,,,,,,,,,,,,,,,,,,,,,0.0,2.0,131.0,53.33,805.0,131.0,,,,,,,,,,,,,,,,,,,,,,,,
Defending,gct_defending,1,browser:gct_defending,12,Canada,,,,,,,,,,,,,,,,,,,,,,0.0,3.0,180.0,52.44,910.0,171.0,,,,,,,,,,,,,,,,,,,,,,,,
Defending,gct_defending,1,browser:gct_defending,12,DR Congo,,,,,,,,,,,,,,,,,,,,,,0.0,3.0,136.0,62.71,898.0,119.0,,,,,,,,,,,,,,,,,,,,,,,,
Defending,gct_defending,1,browser:gct_defending,12,Scotland,,,,,,,,,,,,,,,,,,,,,,0.0,4.0,107.0,70.31,775.0,109.0,,,,,,,,,,,,,,,,,,,,,,,,
Defending,gct_defending,1,browser:gct_defending,12,Portugal,,,,,,,,,,,,,,,,,,,,,,0.0,1.0,103.0,49.01,683.0,96.0,,,,,,,,,,,,,,,,,,,,,,,,
Defending,gct_defending,1,browser:gct_defending,12,Czech Republic,,,,,,,,,,,,,,,,,,,,,,0.0,6.0,119.0,56.67,857.0,121.0,,,,,,,,,,,,,,,,,,,,,,,,
Defending,gct_defending,1,browser:gct_defending,12,Spain,,,,,,,,,,,,,,,,,,,,,,0.0,0.0,146.0,32.04,629.0,102.0,,,,,,,,,,,,,,,,,,,,,,,,
Defending,gct_defending,1,browser:gct_defending,12,Colombia,,,,,,,,,,,,,,,,,,,,,,0.0,1.0,107.0,41.46,533.0,86.0,,,,,,,,,,,,,,,,,,,,,,,,
Defending,gct_defending,1,browser:gct_defending,12,Mexico,,,,,,,,,,,,,,,,,,,,,,0.0,0.0,112.0,43.94,668.0,88.0,,,,,,,,,,,,,,,,,,,,,,,,
Defending,gct_defending,1,browser:gct_defending,12,England,,,,,,,,,,,,,,,,,,,,,,0.0,2.0,105.0,34.66,595.0,123.0,,,,,,,,,,,,,,,,,,,,,,,,
Defending,gct_defending,1,browser:gct_defending,12,Ecuador,,,,,,,,,,,,,,,,,,,,,,0.0,2.0,141.0,41.94,734.0,168.0,,,,,,,,,,,,,,,,,,,,,,,,
Defending,gct_defending,1,browser:gct_defending,12,Austria,,,,,,,,,,,,,,,,,,,,,,0.0,6.0,109.0,63.15,810.0,132.0,,,,,,,,,,,,,,,,,,,,,,,,
Defending,gct_defending,1,browser:gct_defending,12,Netherlands,,,,,,,,,,,,,,,,,,,,,,0.0,4.0,114.0,41.76,599.0,100.0,,,,,,,,,,,,,,,,,,,,,,,,
Defending,gct_defending,1,browser:gct_defending,12,Belgium,,,,,,,,,,,,,,,,,,,,,,0.0,2.0,130.0,39.11,597.0,89.0,,,,,,,,,,,,,,,,,,,,,,,,
Defending,gct_defending,1,browser:gct_defending,12,United States,,,,,,,,,,,,,,,,,,,,,,0.0,4.0,136.0,36.41,638.0,139.0,,,,,,,,,,,,,,,,,,,,,,,,
Defending,gct_defending,1,browser:gct_defending,12,Germany,,,,,,,,,,,,,,,,,,,,,,0.0,4.0,144.0,41.0,751.0,155.0,,,,,,,,,,,,,,,,,,,,,,,,
Defending,gct_defending,1,browser:gct_defending,12,Ghana,,,,,,,,,,,,,,,,,,,,,,0.0,2.0,120.0,67.27,863.0,146.0,,,,,,,,,,,,,,,,,,,,,,,,
Defending,gct_defending,1,browser:gct_defending,12,Turkey,,,,,,,,,,,,,,,,,,,,,,0.0,5.0,121.0,29.94,490.0,123.0,,,,,,,,,,,,,,,,,,,,,,,,
Defending,gct_defending,1,browser:gct_defending,12,Sweden,,,,,,,,,,,,,,,,,,,,,,0.0,7.0,116.0,52.16,601.0,108.0,,,,,,,,,,,,,,,,,,,,,,,,
Defending,gct_defending,1,browser:gct_defending,12,Brazil,,,,,,,,,,,,,,,,,,,,,,0.0,1.0,108.0,54.19,737.0,110.0,,,,,,,,,,,,,,,,,,,,,,,,
Defending,gct_defending,1,browser:gct_defending,12,France,,,,,,,,,,,,,,,,,,,,,,0.0,2.0,139.0,46.94,768.0,129.0,,,,,,,,,,,,,,,,,,,,,,,,
Defending,gct_defending,1,browser:gct_defending,12,Uruguay,,,,,,,,,,,,,,,,,,,,,,0.0,4.0,133.0,40.21,745.0,130.0,,,,,,,,,,,,,,,,,,,,,,,,
Defending,gct_defending,1,browser:gct_defending,12,New Zealand,,,,,,,,,,,,,,,,,,,,,,0.0,10.0,118.0,47.94,844.0,140.0,,,,,,,,,,,,,,,,,,,,,,,,
Defending,gct_defending,1,browser:gct_defending,12,Bosnia and Herzegovina,,,,,,,,,,,,,,,,,,,,,,0.0,6.0,136.0,44.99,790.0,124.0,,,,,,,,,,,,,,,,,,,,,,,,
Defending,gct_defending,1,browser:gct_defending,12,Algeria,,,,,,,,,,,,,,,,,,,,,,0.0,7.0,134.0,46.08,749.0,115.0,,,,,,,,,,,,,,,,,,,,,,,,
Defending,gct_defending,1,browser:gct_defending,12,Curaçao,,,,,,,,,,,,,,,,,,,,,,0.0,9.0,121.0,56.6,983.0,160.0,,,,,,,,,,,,,,,,,,,,,,,,
Defending,gct_defending,1,browser:gct_defending,12,Senegal,,,,,,,,,,,,,,,,,,,,,,0.0,6.0,113.0,45.34,703.0,108.0,,,,,,,,,,,,,,,,,,,,,,,,
Defending,gct_defending,1,browser:gct_defending,12,Panama,,,,,,,,,,,,,,,,,,,,,,0.0,4.0,147.0,46.44,753.0,175.0,,,,,,,,,,,,,,,,,,,,,,,,
Defending,gct_defending,1,browser:gct_defending,12,Argentina,,,,,,,,,,,,,,,,,,,,,,0.0,1.0,129.0,48.34,701.0,131.0,,,,,,,,,,,,,,,,,,,,,,,,
Defending,gct_defending,1,browser:gct_defending,12,Cape Verde,,,,,,,,,,,,,,,,,,,,,,0.0,2.0,146.0,51.37,837.0,117.0,,,,,,,,,,,,,,,,,,,,,,,,
Discipline,gct_discipline,1,browser:gct_discipline,1,Haiti,,,,,,,,,,,,,,,,,,,,,,,,,,,,55.0,43.0,6.0,0.0,0.0,7.0,,,,,,,,,,,,,,,,,,
Discipline,gct_discipline,1,browser:gct_discipline,2,Canada,,,,,,,,,,,,,,,,,,,,,,,,,,,,48.0,58.0,7.0,0.0,0.0,5.0,,,,,,,,,,,,,,,,,,
Discipline,gct_discipline,1,browser:gct_discipline,3,Ghana,,,,,,,,,,,,,,,,,,,,,,,,,,,,46.0,33.0,3.0,0.0,0.0,8.0,,,,,,,,,,,,,,,,,,
Discipline,gct_discipline,1,browser:gct_discipline,3,Bosnia and Herzegovina,,,,,,,,,,,,,,,,,,,,,,,,,,,,46.0,31.0,6.0,1.0,0.0,2.0,,,,,,,,,,,,,,,,,,
Discipline,gct_discipline,1,browser:gct_discipline,3,Panama,,,,,,,,,,,,,,,,,,,,,,,,,,,,46.0,33.0,5.0,0.0,0.0,6.0,,,,,,,,,,,,,,,,,,
Discipline,gct_discipline,1,browser:gct_discipline,6,Uzbekistan,,,,,,,,,,,,,,,,,,,,,,,,,,,,45.0,29.0,4.0,0.0,0.0,3.0,,,,,,,,,,,,,,,,,,
Discipline,gct_discipline,1,browser:gct_discipline,7,Japan,,,,,,,,,,,,,,,,,,,,,,,,,,,,42.0,27.0,1.0,0.0,0.0,4.0,,,,,,,,,,,,,,,,,,
Discipline,gct_discipline,1,browser:gct_discipline,7,Scotland,,,,,,,,,,,,,,,,,,,,,,,,,,,,42.0,39.0,5.0,0.0,0.0,2.0,,,,,,,,,,,,,,,,,,
Discipline,gct_discipline,1,browser:gct_discipline,9,Paraguay,,,,,,,,,,,,,,,,,,,,,,,,,,,,41.0,33.0,7.0,1.0,0.0,4.0,,,,,,,,,,,,,,,,,,
Discipline,gct_discipline,1,browser:gct_discipline,10,Brazil,,,,,,,,,,,,,,,,,,,,,,,,,,,,40.0,38.0,5.0,0.0,0.0,9.0,,,,,,,,,,,,,,,,,,
Discipline,gct_discipline,1,browser:gct_discipline,11,United States,,,,,,,,,,,,,,,,,,,,,,,,,,,,38.0,42.0,5.0,0.0,0.0,8.0,,,,,,,,,,,,,,,,,,
Discipline,gct_discipline,1,browser:gct_discipline,11,South Africa,,,,,,,,,,,,,,,,,,,,,,,,,,,,38.0,46.0,5.0,2.0,0.0,8.0,,,,,,,,,,,,,,,,,,
Discipline,gct_discipline,1,browser:gct_discipline,13,Switzerland,,,,,,,,,,,,,,,,,,,,,,,,,,,,37.0,42.0,3.0,0.0,0.0,5.0,,,,,,,,,,,,,,,,,,
Discipline,gct_discipline,1,browser:gct_discipline,13,England,,,,,,,,,,,,,,,,,,,,,,,,,,,,37.0,52.0,2.0,0.0,0.0,6.0,,,,,,,,,,,,,,,,,,
Discipline,gct_discipline,1,browser:gct_discipline,13,Czech Republic,,,,,,,,,,,,,,,,,,,,,,,,,,,,37.0,31.0,1.0,0.0,0.0,5.0,,,,,,,,,,,,,,,,,,
Discipline,gct_discipline,1,browser:gct_discipline,16,Qatar,,,,,,,,,,,,,,,,,,,,,,,,,,,,36.0,28.0,4.0,2.0,0.0,4.0,,,,,,,,,,,,,,,,,,
Discipline,gct_discipline,1,browser:gct_discipline,17,Iran,,,,,,,,,,,,,,,,,,,,,,,,,,,,35.0,23.0,6.0,0.0,0.0,9.0,,,,,,,,,,,,,,,,,,
Discipline,gct_discipline,1,browser:gct_discipline,17,Norway,,,,,,,,,,,,,,,,,,,,,,,,,,,,35.0,25.0,1.0,0.0,0.0,1.0,,,,,,,,,,,,,,,,,,
Discipline,gct_discipline,1,browser:gct_discipline,17,Ecuador,,,,,,,,,,,,,,,,,,,,,,,,,,,,35.0,27.0,5.0,0.0,0.0,1.0,,,,,,,,,,,,,,,,,,
Discipline,gct_discipline,1,browser:gct_discipline,17,Colombia,,,,,,,,,,,,,,,,,,,,,,,,,,,,35.0,34.0,4.0,0.0,0.0,13.0,,,,,,,,,,,,,,,,,,
Discipline,gct_discipline,1,browser:gct_discipline,21,Mexico,,,,,,,,,,,,,,,,,,,,,,,,,,,,34.0,28.0,2.0,1.0,0.0,4.0,,,,,,,,,,,,,,,,,,
Discipline,gct_discipline,1,browser:gct_discipline,21,Egypt,,,,,,,,,,,,,,,,,,,,,,,,,,,,34.0,42.0,6.0,0.0,0.0,1.0,,,,,,,,,,,,,,,,,,
Discipline,gct_discipline,1,browser:gct_discipline,21,Australia,,,,,,,,,,,,,,,,,,,,,,,,,,,,34.0,24.0,5.0,0.0,0.0,1.0,,,,,,,,,,,,,,,,,,
Discipline,gct_discipline,1,browser:gct_discipline,21,Spain,,,,,,,,,,,,,,,,,,,,,,,,,,,,34.0,15.0,2.0,0.0,0.0,6.0,,,,,,,,,,,,,,,,,,
Discipline,gct_discipline,1,browser:gct_discipline,25,Sweden,,,,,,,,,,,,,,,,,,,,,,,,,,,,33.0,37.0,5.0,0.0,0.0,8.0,,,,,,,,,,,,,,,,,,
Discipline,gct_discipline,1,browser:gct_discipline,25,Croatia,,,,,,,,,,,,,,,,,,,,,,,,,,,,33.0,40.0,2.0,0.0,0.0,4.0,,,,,,,,,,,,,,,,,,
Discipline,gct_discipline,1,browser:gct_discipline,25,Argentina,,,,,,,,,,,,,,,,,,,,,,,,,,,,33.0,31.0,2.0,0.0,0.0,8.0,,,,,,,,,,,,,,,,,,
Discipline,gct_discipline,1,browser:gct_discipline,25,Germany,,,,,,,,,,,,,,,,,,,,,,,,,,,,33.0,30.0,1.0,0.0,0.0,0.0,,,,,,,,,,,,,,,,,,
Discipline,gct_discipline,1,browser:gct_discipline,29,Curaçao,,,,,,,,,,,,,,,,,,,,,,,,,,,,32.0,31.0,7.0,0.0,0.0,5.0,,,,,,,,,,,,,,,,,,
Discipline,gct_discipline,1,browser:gct_discipline,29,New Zealand,,,,,,,,,,,,,,,,,,,,,,,,,,,,32.0,23.0,4.0,0.0,0.0,4.0,,,,,,,,,,,,,,,,,,
Discipline,gct_discipline,1,browser:gct_discipline,29,Morocco,,,,,,,,,,,,,,,,,,,,,,,,,,,,32.0,44.0,2.0,0.0,0.0,6.0,,,,,,,,,,,,,,,,,,
Discipline,gct_discipline,1,browser:gct_discipline,29,DR Congo,,,,,,,,,,,,,,,,,,,,,,,,,,,,32.0,34.0,5.0,0.0,0.0,5.0,,,,,,,,,,,,,,,,,,
Discipline,gct_discipline,1,browser:gct_discipline,29,Austria,,,,,,,,,,,,,,,,,,,,,,,,,,,,32.0,20.0,4.0,0.0,0.0,6.0,,,,,,,,,,,,,,,,,,
Discipline,gct_discipline,1,browser:gct_discipline,34,Jordan,,,,,,,,,,,,,,,,,,,,,,,,,,,,31.0,23.0,4.0,0.0,0.0,3.0,,,,,,,,,,,,,,,,,,
Discipline,gct_discipline,1,browser:gct_discipline,34,Uruguay,,,,,,,,,,,,,,,,,,,,,,,,,,,,31.0,29.0,5.0,1.0,0.0,14.0,,,,,,,,,,,,,,,,,,
Discipline,gct_discipline,1,browser:gct_discipline,34,Turkey,,,,,,,,,,,,,,,,,,,,,,,,,,,,31.0,38.0,2.0,0.0,0.0,7.0,,,,,,,,,,,,,,,,,,
Discipline,gct_discipline,1,browser:gct_discipline,37,Portugal,,,,,,,,,,,,,,,,,,,,,,,,,,,,29.0,34.0,4.0,0.0,0.0,7.0,,,,,,,,,,,,,,,,,,
Discipline,gct_discipline,1,browser:gct_discipline,37,Belgium,,,,,,,,,,,,,,,,,,,,,,,,,,,,29.0,33.0,3.0,1.0,0.0,4.0,,,,,,,,,,,,,,,,,,
Discipline,gct_discipline,1,browser:gct_discipline,37,Saudi Arabia,,,,,,,,,,,,,,,,,,,,,,,,,,,,29.0,26.0,6.0,0.0,0.0,3.0,,,,,,,,,,,,,,,,,,
Discipline,gct_discipline,1,browser:gct_discipline,40,Tunisia,,,,,,,,,,,,,,,,,,,,,,,,,,,,27.0,34.0,1.0,0.0,0.0,9.0,,,,,,,,,,,,,,,,,,
Discipline,gct_discipline,1,browser:gct_discipline,40,Iraq,,,,,,,,,,,,,,,,,,,,,,,,,,,,27.0,31.0,4.0,1.0,0.0,1.0,,,,,,,,,,,,,,,,,,
Discipline,gct_discipline,1,browser:gct_discipline,42,Netherlands,,,,,,,,,,,,,,,,,,,,,,,,,,,,26.0,28.0,3.0,0.0,0.0,5.0,,,,,,,,,,,,,,,,,,
Discipline,gct_discipline,1,browser:gct_discipline,43,South Korea,,,,,,,,,,,,,,,,,,,,,,,,,,,,25.0,32.0,4.0,0.0,0.0,8.0,,,,,,,,,,,,,,,,,,
Discipline,gct_discipline,1,browser:gct_discipline,44,Senegal,,,,,,,,,,,,,,,,,,,,,,,,,,,,24.0,28.0,2.0,0.0,0.0,8.0,,,,,,,,,,,,,,,,,,
Discipline,gct_discipline,1,browser:gct_discipline,44,France,,,,,,,,,,,,,,,,,,,,,,,,,,,,24.0,20.0,1.0,0.0,0.0,4.0,,,,,,,,,,,,,,,,,,
Discipline,gct_discipline,1,browser:gct_discipline,46,Ivory Coast,,,,,,,,,,,,,,,,,,,,,,,,,,,,23.0,29.0,4.0,0.0,0.0,2.0,,,,,,,,,,,,,,,,,,
Discipline,gct_discipline,1,browser:gct_discipline,47,Algeria,,,,,,,,,,,,,,,,,,,,,,,,,,,,17.0,30.0,1.0,0.0,0.0,2.0,,,,,,,,,,,,,,,,,,
Discipline,gct_discipline,1,browser:gct_discipline,48,Cape Verde,,,,,,,,,,,,,,,,,,,,,,,,,,,,15.0,35.0,4.0,0.0,0.0,5.0,,,,,,,,,,,,,,,,,,
Goalkeeping,gct_goalkeeping,1,browser:gct_goalkeeping,1,Mexico,,,,,,,,,,,,,,,,,,,,,,,0.0,,,,,,,,,,,3.0,5.0,3.0,38.0,31.0,,,,,,,,,,,,,
Goalkeeping,gct_goalkeeping,1,browser:gct_goalkeeping,1,Spain,,,,,,,,,,,,,,,,,,,,,,,0.0,,,,,,,,,,,3.0,6.0,3.0,43.0,31.0,,,,,,,,,,,,,
Goalkeeping,gct_goalkeeping,1,browser:gct_goalkeeping,3,Colombia,,,,,,,,,,,,,,,,,,,,,,,1.0,,,,,,,,,,,2.0,5.0,3.0,37.0,36.0,,,,,,,,,,,,,
Goalkeeping,gct_goalkeeping,1,browser:gct_goalkeeping,3,Portugal,,,,,,,,,,,,,,,,,,,,,,,1.0,,,,,,,,,,,2.0,9.0,3.0,63.0,54.0,,,,,,,,,,,,,
Goalkeeping,gct_goalkeeping,1,browser:gct_goalkeeping,3,Paraguay,,,,,,,,,,,,,,,,,,,,,,,4.0,,,,,,,,,,,2.0,17.0,3.0,87.0,77.0,,,,,,,,,,,,,
Goalkeeping,gct_goalkeeping,1,browser:gct_goalkeeping,3,England,,,,,,,,,,,,,,,,,,,,,,,2.0,,,,,,,,,,,2.0,5.0,2.0,45.0,35.0,,,,,,,,,,,,,
Goalkeeping,gct_goalkeeping,1,browser:gct_goalkeeping,3,Ghana,,,,,,,,,,,,,,,,,,,,,,,2.0,,,,,,,,,,,2.0,9.0,3.0,64.0,55.0,,,,,,,,,,,,,
Goalkeeping,gct_goalkeeping,1,browser:gct_goalkeeping,3,Ivory Coast,,,,,,,,,,,,,,,,,,,,,,,2.0,,,,,,,,,,,2.0,9.0,2.0,72.0,58.0,,,,,,,,,,,,,
Goalkeeping,gct_goalkeeping,1,browser:gct_goalkeeping,3,Argentina,,,,,,,,,,,,,,,,,,,,,,,1.0,,,,,,,,,,,2.0,1.0,100.0,31.0,26.0,,,,,,,,,,,,,
Goalkeeping,gct_goalkeeping,1,browser:gct_goalkeeping,3,Australia,,,,,,,,,,,,,,,,,,,,,,,2.0,,,,,,,,,,,2.0,11.0,3.0,65.0,56.0,,,,,,,,,,,,,
Goalkeeping,gct_goalkeeping,1,browser:gct_goalkeeping,3,Canada,,,,,,,,,,,,,,,,,,,,,,,3.0,,,,,,,,,,,2.0,6.0,2.0,43.0,34.0,,,,,,,,,,,,,
Goalkeeping,gct_goalkeeping,1,browser:gct_goalkeeping,3,Cape Verde,,,,,,,,,,,,,,,,,,,,,,,2.0,,,,,,,,,,,2.0,10.0,2.0,96.0,71.0,,,,,,,,,,,,,
Goalkeeping,gct_goalkeeping,1,browser:gct_goalkeeping,3,Brazil,,,,,,,,,,,,,,,,,,,,,,,1.0,,,,,,,,,,,2.0,11.0,3.0,47.0,41.0,,,,,,,,,,,,,
Goalkeeping,gct_goalkeeping,1,browser:gct_goalkeeping,14,France,,,,,,,,,,,,,,,,,,,,,,,2.0,,,,,,,,,,,1.0,5.0,1.0,29.0,26.0,,,,,,,,,,,,,
Goalkeeping,gct_goalkeeping,1,browser:gct_goalkeeping,14,South Africa,,,,,,,,,,,,,,,,,,,,,,,4.0,,,,,,,,,,,1.0,14.0,3.0,72.0,59.0,,,,,,,,,,,,,
Goalkeeping,gct_goalkeeping,1,browser:gct_goalkeeping,14,United States,,,,,,,,,,,,,,,,,,,,,,,4.0,,,,,,,,,,,1.0,3.0,100.0,38.0,32.0,,,,,,,,,,,,,
Goalkeeping,gct_goalkeeping,1,browser:gct_goalkeeping,14,Morocco,,,,,,,,,,,,,,,,,,,,,,,3.0,,,,,,,,,,,1.0,7.0,1.0,45.0,39.0,,,,,,,,,,,,,
Goalkeeping,gct_goalkeeping,1,browser:gct_goalkeeping,14,Croatia,,,,,,,,,,,,,,,,,,,,,,,5.0,,,,,,,,,,,1.0,11.0,2.0,59.0,48.0,,,,,,,,,,,,,
Goalkeeping,gct_goalkeeping,1,browser:gct_goalkeeping,14,Saudi Arabia,,,,,,,,,,,,,,,,,,,,,,,5.0,,,,,,,,,,,1.0,17.0,3.0,86.0,78.0,,,,,,,,,,,,,
Goalkeeping,gct_goalkeeping,1,browser:gct_goalkeeping,14,Scotland,,,,,,,,,,,,,,,,,,,,,,,4.0,,,,,,,,,,,1.0,9.0,2.0,75.0,64.0,,,,,,,,,,,,,
Goalkeeping,gct_goalkeeping,1,browser:gct_goalkeeping,14,Japan,,,,,,,,,,,,,,,,,,,,,,,3.0,,,,,,,,,,,1.0,12.0,1.0,40.0,36.0,,,,,,,,,,,,,
Goalkeeping,gct_goalkeeping,1,browser:gct_goalkeeping,14,Belgium,,,,,,,,,,,,,,,,,,,,,,,2.0,,,,,,,,,,,1.0,8.0,2.0,52.0,42.0,,,,,,,,,,,,,
Goalkeeping,gct_goalkeeping,1,browser:gct_goalkeeping,14,Ecuador,,,,,,,,,,,,,,,,,,,,,,,2.0,,,,,,,,,,,1.0,11.0,2.0,51.0,47.0,,,,,,,,,,,,,
Goalkeeping,gct_goalkeeping,1,browser:gct_goalkeeping,14,Iran,,,,,,,,,,,,,,,,,,,,,,,3.0,,,,,,,,,,,1.0,15.0,2.0,75.0,65.0,,,,,,,,,,,,,
Goalkeeping,gct_goalkeeping,1,browser:gct_goalkeeping,14,Senegal,,,,,,,,,,,,,,,,,,,,,,,6.0,,,,,,,,,,,1.0,9.0,2.0,53.0,40.0,,,,,,,,,,,,,
Goalkeeping,gct_goalkeeping,1,browser:gct_goalkeeping,14,Curaçao,,,,,,,,,,,,,,,,,,,,,,,9.0,,,,,,,,,,,1.0,21.0,2.0,81.0,72.0,,,,,,,,,,,,,
Goalkeeping,gct_goalkeeping,1,browser:gct_goalkeeping,27,Jordan,,,,,,,,,,,,,,,,,,,,,,,8.0,,,,,,,,,,,0.0,8.0,1.0,70.0,56.0,,,,,,,,,,,,,
Goalkeeping,gct_goalkeeping,1,browser:gct_goalkeeping,27,Uzbekistan,,,,,,,,,,,,,,,,,,,,,,,11.0,,,,,,,,,,,0.0,6.0,100.0,82.0,65.0,,,,,,,,,,,,,
Goalkeeping,gct_goalkeeping,1,browser:gct_goalkeeping,27,Bosnia and Herzegovina,,,,,,,,,,,,,,,,,,,,,,,6.0,,,,,,,,,,,0.0,8.0,2.0,71.0,55.0,,,,,,,,,,,,,
Goalkeeping,gct_goalkeeping,1,browser:gct_goalkeeping,27,Austria,,,,,,,,,,,,,,,,,,,,,,,6.0,,,,,,,,,,,0.0,8.0,2.0,49.0,44.0,,,,,,,,,,,,,
Goalkeeping,gct_goalkeeping,1,browser:gct_goalkeeping,27,New Zealand,,,,,,,,,,,,,,,,,,,,,,,10.0,,,,,,,,,,,0.0,11.0,2.0,97.0,88.0,,,,,,,,,,,,,
Goalkeeping,gct_goalkeeping,1,browser:gct_goalkeeping,27,Netherlands,,,,,,,,,,,,,,,,,,,,,,,4.0,,,,,,,,,,,0.0,12.0,2.0,44.0,41.0,,,,,,,,,,,,,
Goalkeeping,gct_goalkeeping,1,browser:gct_goalkeeping,27,Switzerland,,,,,,,,,,,,,,,,,,,,,,,3.0,,,,,,,,,,,0.0,11.0,3.0,38.0,34.0,,,,,,,,,,,,,
Goalkeeping,gct_goalkeeping,1,browser:gct_goalkeeping,27,Germany,,,,,,,,,,,,,,,,,,,,,,,4.0,,,,,,,,,,,0.0,3.0,1.0,50.0,36.0,,,,,,,,,,,,,
Goalkeeping,gct_goalkeeping,1,browser:gct_goalkeeping,27,DR Congo,,,,,,,,,,,,,,,,,,,,,,,3.0,,,,,,,,,,,0.0,10.0,89.0,55.0,45.0,,,,,,,,,,,,,
Goalkeeping,gct_goalkeeping,1,browser:gct_goalkeeping,27,Norway,,,,,,,,,,,,,,,,,,,,,,,7.0,,,,,,,,,,,0.0,8.0,1.0,63.0,55.0,,,,,,,,,,,,,
Goalkeeping,gct_goalkeeping,1,browser:gct_goalkeeping,27,Czech Republic,,,,,,,,,,,,,,,,,,,,,,,6.0,,,,,,,,,,,0.0,11.0,2.0,60.0,52.0,,,,,,,,,,,,,
Goalkeeping,gct_goalkeeping,1,browser:gct_goalkeeping,27,South Korea,,,,,,,,,,,,,,,,,,,,,,,3.0,,,,,,,,,,,0.0,11.0,2.0,42.0,34.0,,,,,,,,,,,,,
Goalkeeping,gct_goalkeeping,1,browser:gct_goalkeeping,27,Qatar,,,,,,,,,,,,,,,,,,,,,,,10.0,,,,,,,,,,,0.0,16.0,2.0,124.0,103.0,,,,,,,,,,,,,
Goalkeeping,gct_goalkeeping,1,browser:gct_goalkeeping,27,Haiti,,,,,,,,,,,,,,,,,,,,,,,8.0,,,,,,,,,,,0.0,13.0,2.0,56.0,48.0,,,,,,,,,,,,,
Goalkeeping,gct_goalkeeping,1,browser:gct_goalkeeping,27,Tunisia,,,,,,,,,,,,,,,,,,,,,,,12.0,,,,,,,,,,,0.0,7.0,1.0,77.0,64.0,,,,,,,,,,,,,
Goalkeeping,gct_goalkeeping,1,browser:gct_goalkeeping,27,Algeria,,,,,,,,,,,,,,,,,,,,,,,7.0,,,,,,,,,,,0.0,6.0,1.0,36.0,33.0,,,,,,,,,,,,,
Goalkeeping,gct_goalkeeping,1,browser:gct_goalkeeping,27,Egypt,,,,,,,,,,,,,,,,,,,,,,,3.0,,,,,,,,,,,0.0,9.0,2.0,64.0,56.0,,,,,,,,,,,,,
Goalkeeping,gct_goalkeeping,1,browser:gct_goalkeeping,27,Uruguay,,,,,,,,,,,,,,,,,,,,,,,4.0,,,,,,,,,,,0.0,4.0,1.0,48.0,39.0,,,,,,,,,,,,,
Goalkeeping,gct_goalkeeping,1,browser:gct_goalkeeping,27,Turkey,,,,,,,,,,,,,,,,,,,,,,,5.0,,,,,,,,,,,0.0,8.0,2.0,55.0,46.0,,,,,,,,,,,,,
Goalkeeping,gct_goalkeeping,1,browser:gct_goalkeeping,27,Sweden,,,,,,,,,,,,,,,,,,,,,,,7.0,,,,,,,,,,,0.0,6.0,1.0,42.0,35.0,,,,,,,,,,,,,
Goalkeeping,gct_goalkeeping,1,browser:gct_goalkeeping,27,Panama,,,,,,,,,,,,,,,,,,,,,,,4.0,,,,,,,,,,,0.0,9.0,2.0,48.0,42.0,,,,,,,,,,,,,
Goalkeeping,gct_goalkeeping,1,browser:gct_goalkeeping,27,Iraq,,,,,,,,,,,,,,,,,,,,,,,12.0,,,,,,,,,,,0.0,10.0,1.0,94.0,81.0,,,,,,,,,,,,,
Movement,gct_movement,1,browser:gct_movement,1,Spain,,,,,,,,,,,,,,,,,,,,,,,,,,,,,,,,,,,,,,,1587.0,469.0,498.0,620.0,938.0,649.0,55.0,460.0,741.0,,,,
Movement,gct_movement,1,browser:gct_movement,2,Morocco,,,,,,,,,,,,,,,,,,,,,,,,,,,,,,,,,,,,,,,1376.0,372.0,498.0,506.0,755.0,621.0,37.0,329.0,687.0,,,,
Movement,gct_movement,1,browser:gct_movement,3,England,,,,,,,,,,,,,,,,,,,,,,,,,,,,,,,,,,,,,,,1369.0,357.0,452.0,560.0,787.0,582.0,53.0,299.0,612.0,,,,
Movement,gct_movement,1,browser:gct_movement,4,Mexico,,,,,,,,,,,,,,,,,,,,,,,,,,,,,,,,,,,,,,,1324.0,321.0,570.0,433.0,699.0,625.0,21.0,295.0,530.0,,,,
Movement,gct_movement,1,browser:gct_movement,5,Belgium,,,,,,,,,,,,,,,,,,,,,,,,,,,,,,,,,,,,,,,1315.0,461.0,452.0,402.0,742.0,573.0,44.0,411.0,599.0,,,,
Movement,gct_movement,1,browser:gct_movement,6,Colombia,,,,,,,,,,,,,,,,,,,,,,,,,,,,,,,,,,,,,,,1308.0,368.0,520.0,420.0,615.0,693.0,33.0,318.0,519.0,,,,
Movement,gct_movement,1,browser:gct_movement,7,Canada,,,,,,,,,,,,,,,,,,,,,,,,,,,,,,,,,,,,,,,1297.0,458.0,442.0,397.0,631.0,666.0,60.0,463.0,715.0,,,,
Movement,gct_movement,1,browser:gct_movement,8,Argentina,,,,,,,,,,,,,,,,,,,,,,,,,,,,,,,,,,,,,,,1285.0,260.0,542.0,483.0,705.0,580.0,23.0,308.0,659.0,,,,
Movement,gct_movement,1,browser:gct_movement,9,Turkey,,,,,,,,,,,,,,,,,,,,,,,,,,,,,,,,,,,,,,,1275.0,409.0,428.0,438.0,681.0,594.0,41.0,378.0,709.0,,,,
Movement,gct_movement,1,browser:gct_movement,10,Algeria,,,,,,,,,,,,,,,,,,,,,,,,,,,,,,,,,,,,,,,1232.0,340.0,496.0,396.0,687.0,545.0,31.0,287.0,685.0,,,,
Movement,gct_movement,1,browser:gct_movement,11,South Africa,,,,,,,,,,,,,,,,,,,,,,,,,,,,,,,,,,,,,,,1212.0,359.0,458.0,395.0,669.0,543.0,29.0,283.0,634.0,,,,
Movement,gct_movement,1,browser:gct_movement,12,Portugal,,,,,,,,,,,,,,,,,,,,,,,,,,,,,,,,,,,,,,,1210.0,382.0,478.0,350.0,677.0,533.0,47.0,378.0,590.0,,,,
Movement,gct_movement,1,browser:gct_movement,13,United States,,,,,,,,,,,,,,,,,,,,,,,,,,,,,,,,,,,,,,,1207.0,337.0,474.0,396.0,658.0,549.0,52.0,360.0,650.0,,,,
Movement,gct_movement,1,browser:gct_movement,14,South Korea,,,,,,,,,,,,,,,,,,,,,,,,,,,,,,,,,,,,,,,1201.0,267.0,427.0,507.0,657.0,544.0,40.0,274.0,678.0,,,,
Movement,gct_movement,1,browser:gct_movement,15,Uruguay,,,,,,,,,,,,,,,,,,,,,,,,,,,,,,,,,,,,,,,1182.0,436.0,399.0,347.0,599.0,583.0,45.0,311.0,586.0,,,,
Movement,gct_movement,1,browser:gct_movement,16,Japan,,,,,,,,,,,,,,,,,,,,,,,,,,,,,,,,,,,,,,,1172.0,328.0,424.0,420.0,705.0,467.0,27.0,253.0,448.0,,,,
Movement,gct_movement,1,browser:gct_movement,17,Brazil,,,,,,,,,,,,,,,,,,,,,,,,,,,,,,,,,,,,,,,1168.0,290.0,486.0,392.0,658.0,510.0,36.0,256.0,522.0,,,,
Movement,gct_movement,1,browser:gct_movement,18,Germany,,,,,,,,,,,,,,,,,,,,,,,,,,,,,,,,,,,,,,,1113.0,299.0,454.0,360.0,618.0,495.0,34.0,393.0,691.0,,,,
Movement,gct_movement,1,browser:gct_movement,19,Egypt,,,,,,,,,,,,,,,,,,,,,,,,,,,,,,,,,,,,,,,1095.0,270.0,387.0,438.0,537.0,558.0,35.0,312.0,518.0,,,,
Movement,gct_movement,1,browser:gct_movement,20,Senegal,,,,,,,,,,,,,,,,,,,,,,,,,,,,,,,,,,,,,,,1066.0,343.0,370.0,353.0,628.0,438.0,37.0,325.0,696.0,,,,
Movement,gct_movement,1,browser:gct_movement,21,Ecuador,,,,,,,,,,,,,,,,,,,,,,,,,,,,,,,,,,,,,,,1065.0,246.0,435.0,384.0,582.0,483.0,34.0,347.0,583.0,,,,
Movement,gct_movement,1,browser:gct_movement,22,Switzerland,,,,,,,,,,,,,,,,,,,,,,,,,,,,,,,,,,,,,,,1063.0,337.0,407.0,319.0,629.0,434.0,46.0,317.0,562.0,,,,
Movement,gct_movement,1,browser:gct_movement,23,New Zealand,,,,,,,,,,,,,,,,,,,,,,,,,,,,,,,,,,,,,,,1062.0,263.0,471.0,328.0,559.0,503.0,14.0,267.0,563.0,,,,
Movement,gct_movement,1,browser:gct_movement,24,France,,,,,,,,,,,,,,,,,,,,,,,,,,,,,,,,,,,,,,,1042.0,303.0,319.0,420.0,585.0,457.0,51.0,314.0,485.0,,,,
Movement,gct_movement,1,browser:gct_movement,25,Scotland,,,,,,,,,,,,,,,,,,,,,,,,,,,,,,,,,,,,,,,1040.0,231.0,400.0,409.0,558.0,482.0,15.0,230.0,430.0,,,,
Movement,gct_movement,1,browser:gct_movement,26,Norway,,,,,,,,,,,,,,,,,,,,,,,,,,,,,,,,,,,,,,,1027.0,230.0,446.0,351.0,554.0,473.0,28.0,294.0,572.0,,,,
Movement,gct_movement,1,browser:gct_movement,27,Netherlands,,,,,,,,,,,,,,,,,,,,,,,,,,,,,,,,,,,,,,,1003.0,335.0,316.0,352.0,594.0,409.0,42.0,312.0,488.0,,,,
Movement,gct_movement,1,browser:gct_movement,28,Tunisia,,,,,,,,,,,,,,,,,,,,,,,,,,,,,,,,,,,,,,,1000.0,287.0,448.0,265.0,547.0,453.0,18.0,196.0,405.0,,,,
Movement,gct_movement,1,browser:gct_movement,29,Austria,,,,,,,,,,,,,,,,,,,,,,,,,,,,,,,,,,,,,,,975.0,267.0,371.0,337.0,549.0,426.0,43.0,301.0,603.0,,,,
Movement,gct_movement,1,browser:gct_movement,30,Iraq,,,,,,,,,,,,,,,,,,,,,,,,,,,,,,,,,,,,,,,955.0,300.0,391.0,264.0,548.0,407.0,22.0,172.0,430.0,,,,
Movement,gct_movement,1,browser:gct_movement,31,Croatia,,,,,,,,,,,,,,,,,,,,,,,,,,,,,,,,,,,,,,,938.0,300.0,317.0,321.0,519.0,419.0,26.0,233.0,481.0,,,,
Movement,gct_movement,1,browser:gct_movement,32,DR Congo,,,,,,,,,,,,,,,,,,,,,,,,,,,,,,,,,,,,,,,925.0,268.0,415.0,242.0,538.0,387.0,16.0,236.0,448.0,,,,
Movement,gct_movement,1,browser:gct_movement,33,Panama,,,,,,,,,,,,,,,,,,,,,,,,,,,,,,,,,,,,,,,889.0,239.0,366.0,284.0,418.0,471.0,28.0,248.0,532.0,,,,
Movement,gct_movement,1,browser:gct_movement,34,Cape Verde,,,,,,,,,,,,,,,,,,,,,,,,,,,,,,,,,,,,,,,866.0,223.0,379.0,264.0,449.0,417.0,15.0,204.0,485.0,,,,
Movement,gct_movement,1,browser:gct_movement,35,Ivory Coast,,,,,,,,,,,,,,,,,,,,,,,,,,,,,,,,,,,,,,,846.0,237.0,392.0,217.0,445.0,401.0,29.0,322.0,668.0,,,,
Movement,gct_movement,1,browser:gct_movement,36,Haiti,,,,,,,,,,,,,,,,,,,,,,,,,,,,,,,,,,,,,,,834.0,252.0,349.0,233.0,428.0,406.0,13.0,212.0,407.0,,,,
Movement,gct_movement,1,browser:gct_movement,37,Sweden,,,,,,,,,,,,,,,,,,,,,,,,,,,,,,,,,,,,,,,815.0,227.0,320.0,268.0,474.0,341.0,29.0,260.0,500.0,,,,
Movement,gct_movement,1,browser:gct_movement,38,Uzbekistan,,,,,,,,,,,,,,,,,,,,,,,,,,,,,,,,,,,,,,,801.0,197.0,382.0,222.0,456.0,345.0,16.0,246.0,458.0,,,,
Movement,gct_movement,1,browser:gct_movement,39,Iran,,,,,,,,,,,,,,,,,,,,,,,,,,,,,,,,,,,,,,,761.0,227.0,264.0,270.0,356.0,405.0,28.0,229.0,446.0,,,,
Movement,gct_movement,1,browser:gct_movement,40,Jordan,,,,,,,,,,,,,,,,,,,,,,,,,,,,,,,,,,,,,,,741.0,210.0,323.0,208.0,351.0,390.0,27.0,186.0,465.0,,,,
Movement,gct_movement,1,browser:gct_movement,41,Czech Republic,,,,,,,,,,,,,,,,,,,,,,,,,,,,,,,,,,,,,,,740.0,232.0,305.0,203.0,371.0,369.0,19.0,245.0,439.0,,,,
Movement,gct_movement,1,browser:gct_movement,42,Saudi Arabia,,,,,,,,,,,,,,,,,,,,,,,,,,,,,,,,,,,,,,,707.0,207.0,276.0,224.0,386.0,321.0,24.0,244.0,523.0,,,,
Movement,gct_movement,1,browser:gct_movement,43,Bosnia and Herzegovina,,,,,,,,,,,,,,,,,,,,,,,,,,,,,,,,,,,,,,,700.0,192.0,275.0,233.0,372.0,328.0,18.0,204.0,522.0,,,,
Movement,gct_movement,1,browser:gct_movement,44,Australia,,,,,,,,,,,,,,,,,,,,,,,,,,,,,,,,,,,,,,,658.0,155.0,298.0,205.0,349.0,309.0,24.0,241.0,573.0,,,,
Movement,gct_movement,1,browser:gct_movement,45,Qatar,,,,,,,,,,,,,,,,,,,,,,,,,,,,,,,,,,,,,,,643.0,169.0,285.0,189.0,347.0,296.0,22.0,146.0,361.0,,,,
Movement,gct_movement,1,browser:gct_movement,46,Curaçao,,,,,,,,,,,,,,,,,,,,,,,,,,,,,,,,,,,,,,,621.0,189.0,289.0,143.0,346.0,275.0,17.0,228.0,524.0,,,,
Movement,gct_movement,1,browser:gct_movement,47,Ghana,,,,,,,,,,,,,,,,,,,,,,,,,,,,,,,,,,,,,,,577.0,215.0,164.0,198.0,310.0,267.0,23.0,170.0,342.0,,,,
Movement,gct_movement,1,browser:gct_movement,48,Paraguay,,,,,,,,,,,,,,,,,,,,,,,,,,,,,,,,,,,,,,,534.0,128.0,207.0,199.0,256.0,278.0,11.0,139.0,390.0,,,,
Physical,gct_physical,1,browser:gct_physical,1,Germany,,,,,,,,,,,,,,,,,,,,,,,,,,,,,,,,,,,,,,,,,,,,,,,,6.37,4351.0,1518.0,356558.15
Physical,gct_physical,1,browser:gct_physical,2,Czech Republic,,,,,,,,,,,,,,,,,,,,,,,,,,,,,,,,,,,,,,,,,,,,,,,,6.33,4330.0,1381.0,348826.43
Physical,gct_physical,1,browser:gct_physical,3,Belgium,,,,,,,,,,,,,,,,,,,,,,,,,,,,,,,,,,,,,,,,,,,,,,,,6.25,4044.0,1447.0,344936.19
Physical,gct_physical,1,browser:gct_physical,4,United States,,,,,,,,,,,,,,,,,,,,,,,,,,,,,,,,,,,,,,,,,,,,,,,,6.23,4388.0,1513.0,358610.48
Physical,gct_physical,1,browser:gct_physical,5,New Zealand,,,,,,,,,,,,,,,,,,,,,,,,,,,,,,,,,,,,,,,,,,,,,,,,6.22,4280.0,1492.0,349040.82
Physical,gct_physical,1,browser:gct_physical,6,Norway,,,,,,,,,,,,,,,,,,,,,,,,,,,,,,,,,,,,,,,,,,,,,,,,6.21,4023.0,1389.0,350038.61
Physical,gct_physical,1,browser:gct_physical,7,Scotland,,,,,,,,,,,,,,,,,,,,,,,,,,,,,,,,,,,,,,,,,,,,,,,,6.21,3766.0,1251.0,348567.52
Physical,gct_physical,1,browser:gct_physical,8,Australia,,,,,,,,,,,,,,,,,,,,,,,,,,,,,,,,,,,,,,,,,,,,,,,,6.15,4023.0,1375.0,345911.08
Physical,gct_physical,1,browser:gct_physical,9,Egypt,,,,,,,,,,,,,,,,,,,,,,,,,,,,,,,,,,,,,,,,,,,,,,,,6.14,4068.0,1515.0,346823.8
Physical,gct_physical,1,browser:gct_physical,10,Mexico,,,,,,,,,,,,,,,,,,,,,,,,,,,,,,,,,,,,,,,,,,,,,,,,6.14,3979.0,1318.0,338511.84
Physical,gct_physical,1,browser:gct_physical,11,England,,,,,,,,,,,,,,,,,,,,,,,,,,,,,,,,,,,,,,,,,,,,,,,,6.13,3861.0,1505.0,340464.41
Physical,gct_physical,1,browser:gct_physical,12,Jordan,,,,,,,,,,,,,,,,,,,,,,,,,,,,,,,,,,,,,,,,,,,,,,,,6.13,4296.0,1363.0,347325.19
Physical,gct_physical,1,browser:gct_physical,13,Canada,,,,,,,,,,,,,,,,,,,,,,,,,,,,,,,,,,,,,,,,,,,,,,,,6.12,5536.0,2032.0,454227.11
Physical,gct_physical,1,browser:gct_physical,14,Bosnia and Herzegovina,,,,,,,,,,,,,,,,,,,,,,,,,,,,,,,,,,,,,,,,,,,,,,,,6.12,3592.0,1283.0,336456.49
Physical,gct_physical,1,browser:gct_physical,15,France,,,,,,,,,,,,,,,,,,,,,,,,,,,,,,,,,,,,,,,,,,,,,,,,6.1,3630.0,1327.0,337006.23
Physical,gct_physical,1,browser:gct_physical,16,Turkey,,,,,,,,,,,,,,,,,,,,,,,,,,,,,,,,,,,,,,,,,,,,,,,,6.1,3548.0,1289.0,350818.34
Physical,gct_physical,1,browser:gct_physical,17,Tunisia,,,,,,,,,,,,,,,,,,,,,,,,,,,,,,,,,,,,,,,,,,,,,,,,6.09,3503.0,1213.0,333260.77
Physical,gct_physical,1,browser:gct_physical,18,Paraguay,,,,,,,,,,,,,,,,,,,,,,,,,,,,,,,,,,,,,,,,,,,,,,,,6.09,3907.0,1361.0,344337.97
Physical,gct_physical,1,browser:gct_physical,19,South Korea,,,,,,,,,,,,,,,,,,,,,,,,,,,,,,,,,,,,,,,,,,,,,,,,6.09,3553.0,1298.0,334954.79
Physical,gct_physical,1,browser:gct_physical,20,Spain,,,,,,,,,,,,,,,,,,,,,,,,,,,,,,,,,,,,,,,,,,,,,,,,6.09,3716.0,1256.0,342164.48
Physical,gct_physical,1,browser:gct_physical,21,Iraq,,,,,,,,,,,,,,,,,,,,,,,,,,,,,,,,,,,,,,,,,,,,,,,,6.09,3746.0,1209.0,328508.46
Physical,gct_physical,1,browser:gct_physical,22,Iran,,,,,,,,,,,,,,,,,,,,,,,,,,,,,,,,,,,,,,,,,,,,,,,,6.08,4061.0,1347.0,344366.12
Physical,gct_physical,1,browser:gct_physical,23,Croatia,,,,,,,,,,,,,,,,,,,,,,,,,,,,,,,,,,,,,,,,,,,,,,,,6.07,3743.0,1381.0,334228.99
Physical,gct_physical,1,browser:gct_physical,24,Panama,,,,,,,,,,,,,,,,,,,,,,,,,,,,,,,,,,,,,,,,,,,,,,,,6.04,3745.0,1372.0,336713.09
Physical,gct_physical,1,browser:gct_physical,25,Morocco,,,,,,,,,,,,,,,,,,,,,,,,,,,,,,,,,,,,,,,,,,,,,,,,6.04,3893.0,1511.0,341436.77
Physical,gct_physical,1,browser:gct_physical,26,Japan,,,,,,,,,,,,,,,,,,,,,,,,,,,,,,,,,,,,,,,,,,,,,,,,6.02,3488.0,1245.0,331862.15
Physical,gct_physical,1,browser:gct_physical,27,Saudi Arabia,,,,,,,,,,,,,,,,,,,,,,,,,,,,,,,,,,,,,,,,,,,,,,,,6.02,4110.0,1450.0,338484.3
Physical,gct_physical,1,browser:gct_physical,28,Switzerland,,,,,,,,,,,,,,,,,,,,,,,,,,,,,,,,,,,,,,,,,,,,,,,,6.0,4041.0,1348.0,334171.2
Physical,gct_physical,1,browser:gct_physical,29,Sweden,,,,,,,,,,,,,,,,,,,,,,,,,,,,,,,,,,,,,,,,,,,,,,,,5.99,3440.0,1240.0,332530.74
Physical,gct_physical,1,browser:gct_physical,30,Austria,,,,,,,,,,,,,,,,,,,,,,,,,,,,,,,,,,,,,,,,,,,,,,,,5.99,3776.0,1274.0,341426.82
Physical,gct_physical,1,browser:gct_physical,31,Brazil,,,,,,,,,,,,,,,,,,,,,,,,,,,,,,,,,,,,,,,,,,,,,,,,5.98,3727.0,1314.0,337977.79
Physical,gct_physical,1,browser:gct_physical,32,Cape Verde,,,,,,,,,,,,,,,,,,,,,,,,,,,,,,,,,,,,,,,,,,,,,,,,5.97,3419.0,1207.0,335193.42
Physical,gct_physical,1,browser:gct_physical,33,Haiti,,,,,,,,,,,,,,,,,,,,,,,,,,,,,,,,,,,,,,,,,,,,,,,,5.96,3975.0,1376.0,334085.63
Physical,gct_physical,1,browser:gct_physical,34,DR Congo,,,,,,,,,,,,,,,,,,,,,,,,,,,,,,,,,,,,,,,,,,,,,,,,5.94,3750.0,1354.0,333487.34
Physical,gct_physical,1,browser:gct_physical,35,Algeria,,,,,,,,,,,,,,,,,,,,,,,,,,,,,,,,,,,,,,,,,,,,,,,,5.94,3638.0,1240.0,330809.85
Physical,gct_physical,1,browser:gct_physical,36,Uzbekistan,,,,,,,,,,,,,,,,,,,,,,,,,,,,,,,,,,,,,,,,,,,,,,,,5.9,3793.0,1354.0,337440.01
Physical,gct_physical,1,browser:gct_physical,37,South Africa,,,,,,,,,,,,,,,,,,,,,,,,,,,,,,,,,,,,,,,,,,,,,,,,5.9,5039.0,1884.0,429068.84
Physical,gct_physical,1,browser:gct_physical,38,Senegal,,,,,,,,,,,,,,,,,,,,,,,,,,,,,,,,,,,,,,,,,,,,,,,,5.89,3738.0,1411.0,339841.4
Physical,gct_physical,1,browser:gct_physical,39,Uruguay,,,,,,,,,,,,,,,,,,,,,,,,,,,,,,,,,,,,,,,,,,,,,,,,5.88,3668.0,1448.0,337450.99
Physical,gct_physical,1,browser:gct_physical,40,Portugal,,,,,,,,,,,,,,,,,,,,,,,,,,,,,,,,,,,,,,,,,,,,,,,,5.88,3395.0,1260.0,324019.59
Physical,gct_physical,1,browser:gct_physical,41,Ivory Coast,,,,,,,,,,,,,,,,,,,,,,,,,,,,,,,,,,,,,,,,,,,,,,,,5.85,3518.0,1278.0,329162.16
Physical,gct_physical,1,browser:gct_physical,42,Ghana,,,,,,,,,,,,,,,,,,,,,,,,,,,,,,,,,,,,,,,,,,,,,,,,5.85,3429.0,1275.0,331255.68
Physical,gct_physical,1,browser:gct_physical,43,Netherlands,,,,,,,,,,,,,,,,,,,,,,,,,,,,,,,,,,,,,,,,,,,,,,,,5.84,3279.0,1179.0,318131.28
Physical,gct_physical,1,browser:gct_physical,44,Ecuador,,,,,,,,,,,,,,,,,,,,,,,,,,,,,,,,,,,,,,,,,,,,,,,,5.79,3490.0,1336.0,321972.91
Physical,gct_physical,1,browser:gct_physical,45,Curaçao,,,,,,,,,,,,,,,,,,,,,,,,,,,,,,,,,,,,,,,,,,,,,,,,5.74,3093.0,1230.0,315767.46
Physical,gct_physical,1,browser:gct_physical,46,Argentina,,,,,,,,,,,,,,,,,,,,,,,,,,,,,,,,,,,,,,,,,,,,,,,,5.71,3329.0,1099.0,318655.05
Physical,gct_physical,1,browser:gct_physical,47,Qatar,,,,,,,,,,,,,,,,,,,,,,,,,,,,,,,,,,,,,,,,,,,,,,,,5.64,3584.0,1080.0,310036.75
Physical,gct_physical,1,browser:gct_physical,48,Colombia,,,,,,,,,,,,,,,,,,,,,,,,,,,,,,,,,,,,,,,,,,,,,,,,5.63,3289.0,1146.0,315670.95
